{
    "type": "quest",
    "name": "last_chapter",
    "x": 20,
    "y": 131.25,
    "size": 60,
    "father": [
        [
            null,
            "Chapter1",
            "last"
        ]
    ],
    "icon": {
        "bitmap": "accept"
    },
    "info": {
        "display_name": {
            "en": "Previous chapter",
            "zh": "上一章"
        },
        "input": [
            {
                "type": "check"
            }
        ],
        "output": [],
        "text": {
            "en": "Please complete the previous chapter.",
            "zh": "请完成上一章。"
        }
    }
}