{
    "type": "quest",
    "name": "type:command",
    "x": 380,
    "y": 50,
    "size": 60,
    "father": [
        "start"
    ],
    "icon": {
		"bitmap": "icon_command"
    },
    "info": {
        "display_name": {
            "en": "Type 6: command",
            "zh": "类型6：command"
        },
        "input": [
            {
                "type": "check"
            }
        ],
        "output": [
            {
                "type": "command",
				"commands": [
					"effect @p 1 60 1",
					"effect @p 10 60 0"
				]
            }
        ],
        "text": {
            "en": "In this quest, it will use commands to give you some potion effects.",
            "zh": "在本任务中，将使用命令给予您一些药水效果。"
        }
    }
}