{
    "type": "quest",
    "name": "type:exp",
    "x": 300,
    "y": 370,
    "size": 60,
    "father": [
        "start"
    ],
    "icon": {
        "bitmap": "quest_exp_0"
    },
    "info": {
        "display_name": {
            "en": "Type 4: exp",
            "zh": "类型4：exp"
        },
        "input": [
            {
                "type": "check"
            }
        ],
        "output": [
            {
                "type": "exp",
                "value": 100
            }
        ],
        "text": {
            "en": "In this quest, you will get 100 experience.",
            "zh": "在本任务中，你将获得100经验值。"
        }
    }
}