{
    "type": "quest",
    "name": "type:item_0",
    "x": 300,
    "y": 50,
    "size": 60,
    "father": [
        "start"
    ],
    "icon": {
        "id": 5
    },
    "info": {
        "display_name": {
            "en": "Type 1: item",
            "zh": "类型1：item"
        },
        "input": [
            {
                "type": "check"
            }
        ],
        "output": [
            {
                "type": "item",
                "id": "VanillaBlockID.planks",
                "data": 0,
                "count": 40
            },
            {
                "type": "item",
                "id": 5,
                "data": 0,
                "count": 80
            }
        ],
        "text": {
            "en": "In this quest, although these 2 rewards \nare wooden planks,\nTheir write is different:\nReward 1, use a string ID,\nReward 2 use a digital ID;",
            "zh": "在本任务中，虽然这两项奖励都为木板，\n但它们的写法并不相同：\n第1个在写法上使用了字符串id，\n第2个在写法上使用了数字id；"
        }
    }
}