{
    "type": "quest",
    "name": "type:random_item",
    "x": 300,
    "y": 210,
    "size": 60,
    "father": [
        "start"
    ],
    "icon": {
        "id": 291
    },
    "info": {
        "display_name": {
            "en": "Type 2: random_item",
            "zh": "类型2：random_item"
        },
        "input": [
            {
                "type": "check"
            }
        ],
        "output": [
            {
                "type": "random_item",
                "items": [
                    {
                        "id": 291,
                        "count": 1,
                        "weight": 1
                    },
                    {
                        "id": 280,
                        "count": 2,
                        "weight": 9
                    }
                ]
            }
        ],
        "text": {
            "en": "In this quest, you will receive a stone hoe \n(10%) \nor two wooden sticks (90%).",
            "zh": "在本任务中，你将领取到一把石锄(10%)\n或两根木棍(90%)。"
        }
    }
}