{
    "main": [
        "main/chapter1.json",
        "main/chapter2.json",
        {
            "name": "Chapter3",
            "display_name": {"en": "","zh": "第3章"},
            "icon": {"id": 1},
            "quest": []
        },
        {
            "name": "Chapter4",
            "display_name": {"en": "","zh": "第4章"},
            "icon": {"id": 2},
            "quest": []
        },
        {
            "name": "Chapter5",
            "display_name": {"en": "","zh": "第5章"},
            "icon": {"id": 3},
            "quest": []
        },
        {
            "name": "Chapter6",
            "display_name": {"en": "","zh": "第6章"},
            "icon": {"id": 4},
            "quest": []
        },
        {
            "name": "Chapter7",
            "display_name": {"en": "","zh": "第7章"},
            "icon": {"id": 5},
            "quest": []
        },
        {
            "name": "Chapter8",
            "display_name": {"en": "","zh": "第8章"},
            "icon": {"id": 6},
            "quest": []
        },
        {
            "name": "Chapter9",
            "display_name": {"en": "","zh": "第9章"},
            "icon": {"id": 12},
            "quest": []
        },
        {
            "name": "Chapter10",
            "display_name": {"en": "","zh": "第10章"},
            "icon": {"id": 13},
            "quest": []
        }
    ],
    "info": {
        "display_name": {
            "en": "Tutorial",
            "zh": "教程"
        },
        "background": "chapter_bg"
    }
}