{"main":[{"name":"Chapter1","display_name":{"en":"Chapter 1: Quest Type","zh":"第一章：任务类型"},"icon":{"id":"ItemID.quest_book"},"quest":[{"type":"quest","name":"start","x":20,"y":231.25,"size":100,"icon":{"bitmap":"accept"},"info":{"display_name":{"en":"Start","zh":"开始"},"input":[{"type":"check"}],"output":[],"text":{"en":"Welcome to Custom Quests\nThis chapter focuses on the Quest Type \nfor this mod","zh":"欢迎使用Custom Quests\n本章将主要介绍本模组的任务类型"}}},{"type":"quest","name":"type:check","x":300,"y":50,"size":60,"father":["start"],"icon":{"bitmap":"accept"},"info":{"display_name":{"en":"Type 1: check","zh":"类型1：check"},"input":[{"type":"check"}],"output":[],"text":{"en":"After the quest is unlocked,\n click the check quest once to complete it.","zh":"在任务解锁后，\n点击一次check任务即可完成。"}}},{"type":"quest","name":"type:item_0","x":300,"y":130,"size":60,"father":["start"],"icon":{"id":5},"info":{"display_name":{"en":"Type 2: item","zh":"类型2：item"},"input":[{"type":"item","id":"VanillaBlockID.planks","count":20},{"type":"item","id":"VanillaBlockID.planks","data":0,"count":40},{"type":"item","id":5,"count":60},{"type":"item","id":5,"data":0,"count":80}],"output":[],"text":{"en":"In this quest, although these four quests \nare wooden planks, their write or demand \nis different: \nQuest 1,2, use a string ID,\nQuest 3,4 use a digital ID;\nQuest 1,3 demand ID 5 items,\nQuest 2,4 demand ID 5 and DATA 0 items.","zh":"在本任务中，虽然这四项任务都为木板，\n但它们的写法或需求并不相同：\n第1,2个在写法上使用了字符串id，\n第3,4个在写法上使用了数字id；\n第1,3个需求id为5的物品，\n第2,4个需求id为5且data为0的物品。"}}},{"type":"quest","name":"type:item_1","x":300,"y":210,"size":60,"father":["start"],"icon":{"id":291},"info":{"display_name":{"en":"Type 2: item (extra)","zh":"类型2：item (extra)"},"input":[{"type":"item","id":291,"count":1,"extra":[{"type":"Enchant","key":17,"operator":">=","value":1}]}],"output":[],"text":{"en":"In this quest, you need a stone hoe that is \nenchanted Unbreaking.","zh":"在本任务中，你需要一把拥有耐久附魔的石锄。"}}},{"type":"quest","name":"type:item_group","x":300,"y":290,"size":60,"father":["start"],"icon":{"id":292},"info":{"display_name":{"en":"Type 3: item_group","zh":"类型3：item_group"},"input":[{"type":"item_group","items":[{"id":290,"count":1},{"id":291,"count":1},{"id":292,"count":1},{"id":293,"count":1},{"id":294,"count":1}]}],"output":[],"text":{"en":"In this quest, you need a hoe.","zh":"在本任务中，你需要一把锄头。"}}},{"type":"quest","name":"type:exp","x":300,"y":370,"size":60,"father":["start"],"icon":{"bitmap":"quest_exp_0"},"info":{"display_name":{"en":"Type 4: exp","zh":"类型4：exp"},"input":[{"type":"exp","value":100}],"output":[],"text":{"en":"Experience value is greater than or \nequal to the quest value can complete it.","zh":"经验值大于等于任务值即可完成。"}}},{"type":"quest","name":"type:level","x":300,"y":450,"size":60,"father":["start"],"icon":{"bitmap":"quest_exp_1"},"info":{"display_name":{"en":"Type 5: level","zh":"类型5：level"},"input":[{"type":"level","value":2}],"output":[],"text":{"en":"Level is greater than or equal to \nthe quest value can complete it.","zh":"等级大于等于任务值即可完成。"}}},{"type":"quest","name":"hide","x":800,"y":351.25,"size":60,"icon":{"bitmap":"accept"},"father":["type:check","type:item_0","type:item_1","type:item_group","type:exp","type:level"],"info":{"hidden":true,"display_name":{"en":"What's it?!","zh":"这是什么？！"},"input":[{"type":"check"}],"output":[],"text":{"en":"This quest won't display until it's unlocked.","zh":"此任务只有在解锁后才会显示。"}}},{"type":"quest","name":"last","x":800,"y":231.25,"size":100,"icon":{"bitmap":"accept"},"father":["type:check","type:item_0","type:item_1","type:item_group","type:exp","type:level"],"info":{"display_name":{"en":"Next Chapter","zh":"下一章"},"input":[{"type":"check"}],"output":[],"text":{"en":"You have completed most of the Quest \nType for this mod.\nLet's move on to the next chapter.","zh":"你已经完成了本模组大部分的任务类型，\n让我们进入下一章吧。"}}},{"type":"custom","name":"example","value":{"type":"image","x":50,"y":50,"width":160,"height":96,"bitmap":"doge"}}]},{"name":"Chapter2","display_name":{"en":"Chapter 2: Reward Type","zh":"第二章：奖励类型"},"icon":{"id":"ItemID.quest_book"},"quest":[{"type":"quest","name":"last_chapter","x":20,"y":131.25,"size":60,"father":[[null,"Chapter1","last"]],"icon":{"bitmap":"accept"},"info":{"display_name":{"en":"Previous chapter","zh":"上一章"},"input":[{"type":"check"}],"output":[],"text":{"en":"Please complete the previous chapter.","zh":"请完成上一章。"}}},{"type":"quest","name":"start","x":20,"y":231.25,"size":100,"icon":{"bitmap":"accept"},"info":{"display_name":{"en":"Start","zh":"开始"},"input":[{"type":"check"}],"output":[],"text":{"en":"Welcome to Custom Quests\nThis chapter focuses on the Reward Type for this mod","zh":"欢迎使用Custom Quests\n本章将主要介绍本模组的奖励类型"}}},{"type":"quest","name":"type:item_0","x":300,"y":50,"size":60,"father":["start"],"icon":{"id":5},"info":{"display_name":{"en":"Type 1: item","zh":"类型1：item"},"input":[{"type":"check"}],"output":[{"type":"item","id":"VanillaBlockID.planks","data":0,"count":40},{"type":"item","id":5,"data":0,"count":80}],"text":{"en":"In this quest, although these 2 rewards \nare wooden planks,\nTheir write is different:\nReward 1, use a string ID,\nReward 2 use a digital ID;","zh":"在本任务中，虽然这两项奖励都为木板，\n但它们的写法并不相同：\n第1个在写法上使用了字符串id，\n第2个在写法上使用了数字id；"}}},{"type":"quest","name":"type:item_1","x":300,"y":130,"size":60,"father":["start"],"icon":{"id":291},"info":{"display_name":{"en":"Type 1: item (extra)","zh":"类型1：item (extra)"},"input":[{"type":"check"}],"output":[{"type":"item","id":291,"data":0,"count":1,"extra":[{"type":"Name","value":"AWA"},{"type":"Enchant","key":17,"value":3}]}],"text":{"en":"In this quest, you will receive a stone hoe \nthat is enchanted Unbreaking 3 \nand named \"AWA\".","zh":"在本任务中，你将领取到一把\n带有耐久三附魔、名为“AWA”的石锄。"}}},{"type":"quest","name":"type:random_item","x":300,"y":210,"size":60,"father":["start"],"icon":{"id":291},"info":{"display_name":{"en":"Type 2: random_item","zh":"类型2：random_item"},"input":[{"type":"check"}],"output":[{"type":"random_item","items":[{"id":291,"count":1,"weight":1},{"id":280,"count":2,"weight":9}]}],"text":{"en":"In this quest, you will receive a stone hoe \n(10%) \nor two wooden sticks (90%).","zh":"在本任务中，你将领取到一把石锄(10%)\n或两根木棍(90%)。"}}},{"type":"quest","name":"type:select_item","x":300,"y":290,"size":60,"father":["start"],"icon":{"id":291},"info":{"display_name":{"en":"Type 3: select_item","zh":"类型3：select_item"},"input":[{"type":"check"}],"output":[{"type":"select_item","items":[{"id":291,"count":1},{"id":280,"count":2}]}],"text":{"en":"In this quest, you can choose to receive \n a stone hoe or two wooden sticks.","zh":"在本任务中，你可以选择领取到一把石锄\n或两根木棍。"}}},{"type":"quest","name":"type:exp","x":300,"y":370,"size":60,"father":["start"],"icon":{"bitmap":"quest_exp_0"},"info":{"display_name":{"en":"Type 4: exp","zh":"类型4：exp"},"input":[{"type":"check"}],"output":[{"type":"exp","value":100}],"text":{"en":"In this quest, you will get 100 experience.","zh":"在本任务中，你将获得100经验值。"}}},{"type":"quest","name":"type:level","x":300,"y":450,"size":60,"father":["start"],"icon":{"bitmap":"quest_exp_1"},"info":{"display_name":{"en":"Type 5: level","zh":"类型5：level"},"input":[{"type":"check"}],"output":[{"type":"level","value":1}],"text":{"en":"In this quest, you will gain one level \nexperience.","zh":"在本任务中，你将获得1级经验。"}}},{"type":"quest","name":"last","x":800,"y":231.25,"size":100,"icon":{"bitmap":"accept"},"father":["type:item_0","type:item_1","type:random_item","type:select_item","type:exp","type:level"],"info":{"display_name":{"en":"Finish","zh":"完成"},"input":[{"type":"check"}],"output":[],"text":{"en":"Congratulations, you have completed \nmost of the Reward Type for this mod.","zh":"恭喜你，你已经完成了本模组大部分的奖励类型。"}}}]},{"name":"Chapter3","display_name":{"en":"","zh":"第3章"},"icon":{"id":1},"quest":[]},{"name":"Chapter4","display_name":{"en":"","zh":"第4章"},"icon":{"id":2},"quest":[]},{"name":"Chapter5","display_name":{"en":"","zh":"第5章"},"icon":{"id":3},"quest":[]},{"name":"Chapter6","display_name":{"en":"","zh":"第6章"},"icon":{"id":4},"quest":[]},{"name":"Chapter7","display_name":{"en":"","zh":"第7章"},"icon":{"id":5},"quest":[]},{"name":"Chapter8","display_name":{"en":"","zh":"第8章"},"icon":{"id":6},"quest":[]},{"name":"Chapter9","display_name":{"en":"","zh":"第9章"},"icon":{"id":12},"quest":[]},{"name":"Chapter10","display_name":{"en":"","zh":"第10章"},"icon":{"id":13},"quest":[]}],"info":{"display_name":{"en":"Tutorial","zh":"教程"},"background":"chapter_bg"}}