{
    "type": "quest",
    "name": "hide",
    "x": 800,
    "y": 351.25,
    "size": 60,
    "icon": {
        "bitmap": "accept"
    },
    "father": [
        "type:check",
        "type:item_0",
        "type:item_1",
        "type:item_group",
        "type:exp",
        "type:level"
    ],
    "hidden": true,
    "info": {
        "display_name": {
            "en": "What's it?!",
            "zh": "这是什么？！"
        },
        "input": [
            {
                "type": "check"
            }
        ],
        "output": [],
        "text": {
            "en": "This quest won't display until it's unlocked.",
            "zh": "此任务只有在解锁后才会显示。"
        }
    }
}