{
    "type": "quest",
    "name": "last",
    "x": 800,
    "y": 231.25,
    "size": 100,
    "icon": {
        "bitmap": "accept"
    },
    "father": [
        "type:check",
        "type:item_0",
        "type:item_1",
        "type:item_group",
        "type:exp",
        "type:level"
    ],
    "info": {
        "display_name": {
            "en": "Next Chapter",
            "zh": "下一章"
        },
        "input": [
            {
                "type": "check"
            }
        ],
        "output": [],
        "text": {
            "en": "You have completed most of the Quest \nType for this mod.\nLet's move on to the next chapter.",
            "zh": "你已经完成了本模组大部分的任务类型，\n让我们进入下一章吧。"
        }
    }
}