{
    "type": "quest",
    "name": "type:item_0",
    "x": 300,
    "y": 130,
    "size": 60,
    "father": [
        "start"
    ],
    "icon": {
        "id": 5
    },
    "info": {
        "display_name": {
            "en": "Type 2: item",
            "zh": "类型2：item"
        },
        "input": [
            {
                "type": "item",
                "id": "VanillaBlockID.planks",
                "count": 20
            },
            {
                "type": "item",
                "id": "VanillaBlockID.planks",
                "data": 0,
                "count": 40
            },
            {
                "type": "item",
                "id": 5,
                "count": 60
            },
            {
                "type": "item",
                "id": 5,
                "data": 0,
                "count": 80
            }
        ],
        "output": [],
        "text": {
            "en": "In this quest, although these four quests \nare wooden planks, their write or demand \nis different: \nQuest 1,2, use a string ID,\nQuest 3,4 use a digital ID;\nQuest 1,3 demand ID 5 items,\nQuest 2,4 demand ID 5 and DATA 0 items.",
            "zh": "在本任务中，虽然这四项任务都为木板，\n但它们的写法或需求并不相同：\n第1,2个在写法上使用了字符串id，\n第3,4个在写法上使用了数字id；\n第1,3个需求id为5的物品，\n第2,4个需求id为5且data为0的物品。"
        }
    }
}