{
    "type": "quest",
    "name": "type:item_1",
    "x": 300,
    "y": 210,
    "size": 60,
    "father": [
        "start"
    ],
    "icon": {
        "id": 291
    },
    "info": {
        "display_name": {
            "en": "Type 2: item (extra)",
            "zh": "类型2：item (extra)"
        },
        "input": [
            {
                "type": "item",
                "id": 291,
                "count": 1,
                "extra": [
                    {
                        "type": "Enchant",
                        "key": 17,
                        "operator": ">=",
                        "value": 1
                    }
                ]
            }
        ],
        "output": [],
        "text": {
            "en": "In this quest, you need a stone hoe that is \nenchanted Unbreaking.",
            "zh": "在本任务中，你需要一把拥有耐久附魔的石锄。"
        }
    }
}